[
  {
    "id": 113,
    "operationNumber": 1,
    "operationType": "MILLING",
    "estimatedTime": 5,
    "machineAxes": 3,
    "status": "PENDING",
    "assignedMachine": null,
    "assignedAt": null,
    "createdAt": "2025-06-09T21:02:12.369Z",
    "updatedAt": "2025-06-09T21:02:12.369Z"
  },
  {
    "id": 114,
    "operationNumber": 2,
    "operationType": "MILLING",
    "estimatedTime": 60,
    "machineAxes": 4,
    "status": "PENDING",
    "assignedMachine": null,
    "assignedAt": null,
    "createdAt": "2025-06-09T21:02:12.369Z",
    "updatedAt": "2025-06-09T21:02:12.369Z"
  },
  {
    "id": 115,
    "operationNumber": 3,
    "operationType": "MILLING",
    "estimatedTime": 25,
    "machineAxes": 3,
    "status": "PENDING",
    "assignedMachine": null,
    "assignedAt": null,
    "createdAt": "2025-06-09T21:02:12.369Z",
    "updatedAt": "2025-06-09T21:02:12.369Z"
  }
]