[
  {
    "id": 30,
    "operationNumber": 1,
    "operationType": "MILLING",
    "estimatedTime": 15,
    "machineAxes": 3,
    "status": "PENDING",
    "assignedMachine": null,
    "assignedAt": null,
    "createdAt": "2025-06-07T23:02:22.736Z",
    "updatedAt": "2025-06-07T23:02:22.736Z"
  },
  {
    "id": 31,
    "operationNumber": 2,
    "operationType": "MILLING",
    "estimatedTime": 85,
    "machineAxes": 4,
    "status": "PENDING",
    "assignedMachine": null,
    "assignedAt": null,
    "createdAt": "2025-06-07T23:02:22.736Z",
    "updatedAt": "2025-06-07T23:02:22.736Z"
  },
  {
    "id": 32,
    "operationNumber": 3,
    "operationType": "MILLING",
    "estimatedTime": 25,
    "machineAxes": 3,
    "status": "PENDING",
    "assignedMachine": null,
    "assignedAt": null,
    "createdAt": "2025-06-07T23:02:22.736Z",
    "updatedAt": "2025-06-07T23:02:22.736Z"
  }
]