[
  {
    "id": 38,
    "operationNumber": 2,
    "operationType": "MILLING",
    "estimatedTime": 75,
    "machineAxes": 4,
    "status": "PENDING",
    "assignedMachine": null,
    "assignedAt": null,
    "createdAt": "2025-06-08T12:18:06.234Z",
    "updatedAt": "2025-06-08T12:18:06.234Z"
  },
  {
    "id": 39,
    "operationNumber": 3,
    "operationType": "MILLING",
    "estimatedTime": 12,
    "machineAxes": 3,
    "status": "PENDING",
    "assignedMachine": null,
    "assignedAt": null,
    "createdAt": "2025-06-08T12:18:06.234Z",
    "updatedAt": "2025-06-08T12:18:06.234Z"
  },
  {
    "id": 40,
    "operationNumber": 1,
    "operationType": "MILLING",
    "estimatedTime": 13,
    "machineAxes": 3,
    "status": "PENDING",
    "assignedMachine": null,
    "assignedAt": null,
    "createdAt": "2025-06-08T12:18:06.234Z",
    "updatedAt": "2025-06-08T12:18:06.234Z"
  }
]