[
  {
    "id": 120,
    "operationNumber": 1,
    "operationType": "MILLING",
    "estimatedTime": 15,
    "machineAxes": 3,
    "status": "PENDING",
    "assignedMachine": null,
    "assignedAt": null,
    "createdAt": "2025-06-11T18:18:24.040Z",
    "updatedAt": "2025-06-11T18:18:24.040Z"
  },
  {
    "id": 121,
    "operationNumber": 2,
    "operationType": "MILLING",
    "estimatedTime": 60,
    "machineAxes": 4,
    "status": "PENDING",
    "assignedMachine": null,
    "assignedAt": null,
    "createdAt": "2025-06-11T18:18:24.040Z",
    "updatedAt": "2025-06-11T18:18:24.040Z"
  }
]