{
  "id": 8,
  "drawingNumber": "C6HP0021A",
  "deadline": "2025-04-30",
  "quantity": 30,
  "priority": 1,
  "workType": "",
  "pdfPath": null,
  "createdAt": "2025-05-30T19:00:42.041Z",
  "updatedAt": "2025-06-07T01:12:39.971Z",
  "operations": [
    {
      "id": 24,
      "operationNumber": 2,
      "operationType": "MILLING",
      "estimatedTime": 75,
      "machineAxes": 4,
      "status": "PENDING",
      "assignedMachine": null,
      "assignedAt": null,
      "createdAt": "2025-06-07T12:32:10.014Z",
      "updatedAt": "2025-06-07T12:32:10.014Z"
    },
    {
      "id": 25,
      "operationNumber": 3,
      "operationType": "MILLING",
      "estimatedTime": 12,
      "machineAxes": 3,
      "status": "PENDING",
      "assignedMachine": null,
      "assignedAt": null,
      "createdAt": "2025-06-07T12:32:10.014Z",
      "updatedAt": "2025-06-07T12:32:10.014Z"
    },
    {
      "id": 23,
      "operationNumber": 1,
      "operationType": "MILLING",
      "estimatedTime": 13,
      "machineAxes": 3,
      "status": "assigned",
      "assignedMachine": 5,
      "assignedAt": "2025-06-07T13:19:44.312Z",
      "createdAt": "2025-06-07T12:32:10.014Z",
      "updatedAt": "2025-06-07T12:32:10.014Z"
    }
  ]
}