[
  {
    "id": 68,
    "operationNumber": 1,
    "operationType": "MILLING",
    "estimatedTime": 15,
    "machineAxes": 3,
    "status": "PENDING",
    "assignedMachine": null,
    "assignedAt": null,
    "completedAt": null,
    "actualQuantity": null,
    "createdAt": "2025-06-16T23:38:14.581Z",
    "updatedAt": "2025-06-16T23:38:14.581Z"
  },
  {
    "id": 69,
    "operationNumber": 2,
    "operationType": "MILLING",
    "estimatedTime": 60,
    "machineAxes": 4,
    "status": "PENDING",
    "assignedMachine": null,
    "assignedAt": null,
    "completedAt": null,
    "actualQuantity": null,
    "createdAt": "2025-06-16T23:38:14.581Z",
    "updatedAt": "2025-06-16T23:38:14.581Z"
  }
]