{
  "id": 13,
  "drawingNumber": "G63828A",
  "deadline": "2025-03-31",
  "quantity": 20,
  "priority": 3,
  "workType": "",
  "pdfPath": null,
  "createdAt": "2025-05-30T19:00:42.113Z",
  "updatedAt": "2025-06-07T12:32:30.951Z",
  "operations": [
    {
      "id": 28,
      "operationNumber": 1,
      "operationType": "DRILLING",
      "estimatedTime": 150,
      "machineAxes": 3,
      "status": "PENDING",
      "assignedMachine": null,
      "assignedAt": null,
      "createdAt": "2025-06-07T12:32:30.958Z",
      "updatedAt": "2025-06-07T12:32:30.958Z"
    },
    {
      "id": 29,
      "operationNumber": 2,
      "operationType": "GRINDING",
      "estimatedTime": 200,
      "machineAxes": 4,
      "status": "PENDING",
      "assignedMachine": null,
      "assignedAt": null,
      "createdAt": "2025-06-07T12:32:30.958Z",
      "updatedAt": "2025-06-07T12:32:30.958Z"
    }
  ]
}