[
  {
    "id": 73,
    "operationNumber": 1,
    "operationType": "MILLING",
    "estimatedTime": 5,
    "machineAxes": 3,
    "status": "PENDING",
    "assignedMachine": null,
    "assignedAt": null,
    "completedAt": null,
    "actualQuantity": null,
    "createdAt": "2025-06-16T23:38:51.693Z",
    "updatedAt": "2025-06-16T23:38:51.693Z"
  },
  {
    "id": 74,
    "operationNumber": 2,
    "operationType": "MILLING",
    "estimatedTime": 25,
    "machineAxes": 4,
    "status": "PENDING",
    "assignedMachine": null,
    "assignedAt": null,
    "completedAt": null,
    "actualQuantity": null,
    "createdAt": "2025-06-16T23:38:51.693Z",
    "updatedAt": "2025-06-16T23:38:51.693Z"
  },
  {
    "id": 75,
    "operationNumber": 3,
    "operationType": "MILLING",
    "estimatedTime": 4,
    "machineAxes": 3,
    "status": "PENDING",
    "assignedMachine": null,
    "assignedAt": null,
    "completedAt": null,
    "actualQuantity": null,
    "createdAt": "2025-06-16T23:38:51.693Z",
    "updatedAt": "2025-06-16T23:38:51.693Z"
  }
]