[
  {
    "id": 118,
    "operationNumber": 1,
    "operationType": "MILLING",
    "estimatedTime": 15,
    "machineAxes": 3,
    "status": "PENDING",
    "assignedMachine": null,
    "assignedAt": null,
    "createdAt": "2025-06-11T18:18:03.132Z",
    "updatedAt": "2025-06-11T18:18:03.132Z"
  },
  {
    "id": 119,
    "operationNumber": 2,
    "operationType": "MILLING",
    "estimatedTime": 60,
    "machineAxes": 4,
    "status": "PENDING",
    "assignedMachine": null,
    "assignedAt": null,
    "createdAt": "2025-06-11T18:18:03.132Z",
    "updatedAt": "2025-06-11T18:18:03.132Z"
  }
]