[
  {
    "id": 110,
    "operationNumber": 1,
    "operationType": "MILLING",
    "estimatedTime": 5,
    "machineAxes": 3,
    "status": "PENDING",
    "assignedMachine": null,
    "assignedAt": null,
    "createdAt": "2025-06-09T21:01:48.991Z",
    "updatedAt": "2025-06-09T21:01:48.991Z"
  },
  {
    "id": 111,
    "operationNumber": 2,
    "operationType": "MILLING",
    "estimatedTime": 60,
    "machineAxes": 4,
    "status": "PENDING",
    "assignedMachine": null,
    "assignedAt": null,
    "createdAt": "2025-06-09T21:01:48.991Z",
    "updatedAt": "2025-06-09T21:01:48.991Z"
  },
  {
    "id": 112,
    "operationNumber": 3,
    "operationType": "MILLING",
    "estimatedTime": 25,
    "machineAxes": 3,
    "status": "PENDING",
    "assignedMachine": null,
    "assignedAt": null,
    "createdAt": "2025-06-09T21:01:48.991Z",
    "updatedAt": "2025-06-09T21:01:48.991Z"
  }
]