[
  {
    "id": 24,
    "operationNumber": 2,
    "operationType": "MILLING",
    "estimatedTime": 75,
    "machineAxes": 4,
    "status": "PENDING",
    "assignedMachine": null,
    "assignedAt": null,
    "createdAt": "2025-06-07T12:32:10.014Z",
    "updatedAt": "2025-06-07T12:32:10.014Z"
  },
  {
    "id": 25,
    "operationNumber": 3,
    "operationType": "MILLING",
    "estimatedTime": 12,
    "machineAxes": 3,
    "status": "PENDING",
    "assignedMachine": null,
    "assignedAt": null,
    "createdAt": "2025-06-07T12:32:10.014Z",
    "updatedAt": "2025-06-07T12:32:10.014Z"
  },
  {
    "id": 23,
    "operationNumber": 1,
    "operationType": "MILLING",
    "estimatedTime": 13,
    "machineAxes": 3,
    "status": "assigned",
    "assignedMachine": 5,
    "assignedAt": "2025-06-07T13:19:44.312Z",
    "createdAt": "2025-06-07T12:32:10.014Z",
    "updatedAt": "2025-06-07T12:32:10.014Z"
  }
]