[
  {
    "id": 36,
    "operationNumber": 2,
    "operationType": "TURNING",
    "estimatedTime": 15,
    "machineAxes": 4,
    "status": "PENDING",
    "assignedMachine": null,
    "assignedAt": null,
    "createdAt": "2025-06-08T12:17:59.301Z",
    "updatedAt": "2025-06-08T12:17:59.301Z"
  },
  {
    "id": 37,
    "operationNumber": 1,
    "operationType": "MILLING",
    "estimatedTime": 25,
    "machineAxes": 3,
    "status": "PENDING",
    "assignedMachine": null,
    "assignedAt": null,
    "createdAt": "2025-06-08T12:17:59.301Z",
    "updatedAt": "2025-06-08T12:17:59.301Z"
  }
]