[
  {
    "id": 27,
    "operationNumber": 2,
    "operationType": "TURNING",
    "estimatedTime": 180,
    "machineAxes": 4,
    "status": "PENDING",
    "assignedMachine": null,
    "assignedAt": null,
    "createdAt": "2025-06-07T12:32:20.821Z",
    "updatedAt": "2025-06-07T12:32:20.821Z"
  },
  {
    "id": 26,
    "operationNumber": 1,
    "operationType": "MILLING",
    "estimatedTime": 120,
    "machineAxes": 3,
    "status": "assigned",
    "assignedMachine": 3,
    "assignedAt": "2025-06-07T16:09:05.078Z",
    "createdAt": "2025-06-07T12:32:20.821Z",
    "updatedAt": "2025-06-07T12:32:20.821Z"
  }
]