[
  {
    "id": 33,
    "operationNumber": 1,
    "operationType": "MILLING",
    "estimatedTime": 15,
    "machineAxes": 3,
    "status": "PENDING",
    "assignedMachine": null,
    "assignedAt": null,
    "createdAt": "2025-06-08T12:17:42.189Z",
    "updatedAt": "2025-06-08T12:17:42.189Z"
  },
  {
    "id": 34,
    "operationNumber": 2,
    "operationType": "MILLING",
    "estimatedTime": 85,
    "machineAxes": 4,
    "status": "PENDING",
    "assignedMachine": null,
    "assignedAt": null,
    "createdAt": "2025-06-08T12:17:42.189Z",
    "updatedAt": "2025-06-08T12:17:42.189Z"
  },
  {
    "id": 35,
    "operationNumber": 3,
    "operationType": "MILLING",
    "estimatedTime": 25,
    "machineAxes": 3,
    "status": "PENDING",
    "assignedMachine": null,
    "assignedAt": null,
    "createdAt": "2025-06-08T12:17:42.189Z",
    "updatedAt": "2025-06-08T12:17:42.189Z"
  }
]