[
  {
    "id": 76,
    "operationNumber": 1,
    "operationType": "TURNING",
    "estimatedTime": 10,
    "machineAxes": 3,
    "status": "PENDING",
    "assignedMachine": null,
    "assignedAt": null,
    "completedAt": null,
    "actualQuantity": null,
    "createdAt": "2025-06-16T23:39:10.797Z",
    "updatedAt": "2025-06-16T23:39:10.797Z"
  },
  {
    "id": 77,
    "operationNumber": 2,
    "operationType": "MILLING",
    "estimatedTime": 15,
    "machineAxes": 3,
    "status": "PENDING",
    "assignedMachine": null,
    "assignedAt": null,
    "completedAt": null,
    "actualQuantity": null,
    "createdAt": "2025-06-16T23:39:10.797Z",
    "updatedAt": "2025-06-16T23:39:10.797Z"
  },
  {
    "id": 78,
    "operationNumber": 3,
    "operationType": "MILLING",
    "estimatedTime": 60,
    "machineAxes": 4,
    "status": "PENDING",
    "assignedMachine": null,
    "assignedAt": null,
    "completedAt": null,
    "actualQuantity": null,
    "createdAt": "2025-06-16T23:39:10.797Z",
    "updatedAt": "2025-06-16T23:39:10.797Z"
  }
]