[
  {
    "id": 70,
    "operationNumber": 1,
    "operationType": "MILLING",
    "estimatedTime": 10,
    "machineAxes": 3,
    "status": "PENDING",
    "assignedMachine": null,
    "assignedAt": null,
    "completedAt": null,
    "actualQuantity": null,
    "createdAt": "2025-06-16T23:38:35.002Z",
    "updatedAt": "2025-06-16T23:38:35.002Z"
  },
  {
    "id": 71,
    "operationNumber": 2,
    "operationType": "MILLING",
    "estimatedTime": 85,
    "machineAxes": 4,
    "status": "PENDING",
    "assignedMachine": null,
    "assignedAt": null,
    "completedAt": null,
    "actualQuantity": null,
    "createdAt": "2025-06-16T23:38:35.002Z",
    "updatedAt": "2025-06-16T23:38:35.002Z"
  },
  {
    "id": 72,
    "operationNumber": 3,
    "operationType": "MILLING",
    "estimatedTime": 25,
    "machineAxes": 3,
    "status": "PENDING",
    "assignedMachine": null,
    "assignedAt": null,
    "completedAt": null,
    "actualQuantity": null,
    "createdAt": "2025-06-16T23:38:35.002Z",
    "updatedAt": "2025-06-16T23:38:35.002Z"
  }
]